item,image,main
1,https://ifh.cc/v-jTIw0m,1
1,https://ifh.cc/v-jTIw0m,0
1,https://ifh.cc/v-jTIw0m,0
2,https://ifh.cc/v-jTIw0m,1
2,https://ifh.cc/v-jTIw0m,0
3,https://ifh.cc/v-jTIw0m,1
3,https://ifh.cc/v-jTIw0m,0
4,https://ifh.cc/v-dyRiwW,1
4,https://ifh.cc/v-rGnB7l,0
4,https://ifh.cc/v-xoKl6d,0
5,https://ifh.cc/v-dyRiwW,1
5,https://ifh.cc/v-rGnB7l,0
5,https://ifh.cc/v-xoKl6d,0
6,https://ifh.cc/v-dyRiwW,1
6,https://ifh.cc/v-rGnB7l,0
6,https://ifh.cc/v-xoKl6d,0
7,https://ifh.cc/v-a7jU74,1
7,https://ifh.cc/v-BAffoz,0
7,https://ifh.cc/v-9LU4kW,0
8,https://ifh.cc/v-a7jU74,1
8,https://ifh.cc/v-BAffoz,0
8,https://ifh.cc/v-9LU4kW,0
9,https://ifh.cc/v-a7jU74,1
9,https://ifh.cc/v-BAffoz,0
9,https://ifh.cc/v-9LU4kW,0
10,https://ifh.cc/v-jgLun6,1
10,https://ifh.cc/v-RYLdCf,0
10,https://ifh.cc/v-nBB2rn,0
11,https://ifh.cc/v-jgLun6,1
11,https://ifh.cc/v-RYLdCf,0
11,https://ifh.cc/v-nBB2rn,0
12,https://ifh.cc/v-jgLun6,1
12,https://ifh.cc/v-RYLdCf,0
12,https://ifh.cc/v-nBB2rn,0
13,https://ifh.cc/v-ehgUgl,1
13,https://ifh.cc/v-NoHKUX,0
13,https://ifh.cc/v-AXeFC2,0
14,https://ifh.cc/v-ehgUgl,1
14,https://ifh.cc/v-NoHKUX,0
14,https://ifh.cc/v-AXeFC2,0
15,https://ifh.cc/v-ehgUgl,1
15,https://ifh.cc/v-NoHKUX,0
15,https://ifh.cc/v-AXeFC2,0
16,https://ifh.cc/v-GXjnBj,1
16,https://ifh.cc/v-iUJk02,0
16,https://ifh.cc/v-6JZ6QP,0
17,https://ifh.cc/v-GXjnBj,1
17,https://ifh.cc/v-iUJk02,0
17,https://ifh.cc/v-6JZ6QP,0
18,https://ifh.cc/v-GXjnBj,1
18,https://ifh.cc/v-iUJk02,0
18,https://ifh.cc/v-6JZ6QP,0
19,https://ifh.cc/v-jTIw0m,1
19,https://ifh.cc/v-jTIw0m,0
19,https://ifh.cc/v-jTIw0m,0
20,https://ifh.cc/v-jTIw0m,1
20,https://ifh.cc/v-jTIw0m,0
20,https://ifh.cc/v-jTIw0m,0
21,https://ifh.cc/v-jTIw0m,1
21,https://ifh.cc/v-jTIw0m,0
21,https://ifh.cc/v-jTIw0m,0